Workbook

Sheet Orders
A1: S.No. | B1: Alias Name | C1: Retailer Id | D1: Area | E1: Retailer Name | F1: Amount To be Collect | G1: Total Order | H1: Carry Amt to collect | I1: 44348 | J1: 44349 | K1: 44350 | L1: 44351 | M1: 44352 | N1: 44353 | O1: 44354 | P1: 44355 | Q1: 44356 | R1: 44357 | S1: 44358 | T1: 44359 | U1: 44360 | V1: 44361 | W1: 44362 | X1: 44363 | Y1: 44364 | Z1: 44365 | AA1: 44366 | AB1: 44367 | AC1: 44368 | AD1: 44369 | AE1: 44370 | AF1: 44371 | AG1: 44372 | AH1: 44373 | AI1: 44374 | AJ1: 44375 | AK1: 44376 | AL1: 44377
B2: =SUM(F3:F121) -> 279900 | D2: =SUM(G3:G121) -> 10400 | E2: Total: | F2: =G2/1.04+H2 -> 279900 | G2: =SUM(I2:AM2) -> 10400 | H2: =SUM(H3:H121) -> 269900 | I2: =SUM(I3:I121) -> 10400 | J2: =SUM(J3:J121) -> 0 | K2: =SUM(K3:K121) -> 0 | L2: =SUM(L3:L121) -> 0 | M2: =SUM(M3:M121) -> 0 | N2: =SUM(N3:N121) -> 0 | O2: =SUM(O3:O121) -> 0 | ... AL2: =SUM(AL3:AL121) -> 0
A3: 1 | D3: AGNOOR | E3: S K COMMUNICATION(661475194) | F3: =G3/1.04+H3 -> 0 | G3: =SUM(I3:AM3) -> 0 | H3: 0
A4: 2 | D4: AGNOOR | E4: SAJNISH KIRANA(661644709) | F4: =G4/1.04+H4 -> 0 | G4: =SUM(I4:AM4) -> 0 | H4: 0
A5: 3 | B5: Amit | D5: AGNOOR | E5: MAHI TELECOM ELECTRONICS(661644706) | F5: =G5/1.04+H5 -> 0 | G5: =SUM(I5:AM5) -> 0 | H5: 0
A6: 4 | B6: Ganesh | D6: AGNOOR | E6: ARVIND AIRTEL EGRECHARGE CENTR(661591709) | F6: =G6/1.04+H6 -> 0 | G6: =SUM(I6:AM6) -> 0 | H6: 0
A7: 5 | B7: shakti | D7: AGNOOR | E7: pawan and ravi telicom(660604868) | F7: =G7/1.04+H7 -> 17000 | G7: =SUM(I7:AM7) -> 0 | H7: 17000
A8: 6 | B8: Satish | D8: AGNOOR | E8: PRABHAT TELECOM & ELECTRIC(661066820) | F8: =G8/1.04+H8 -> 0 | G8: =SUM(I8:AM8) -> 0 | H8: 0
A9: 7 | D9: AGNOOR | E9: SINGH TELECOM(661066803) | F9: =G9/1.04+H9 -> 0 | G9: =SUM(I9:AM9) -> 0 | H9: 0
A10: 8 | B10: Ankit | D10: AGNOOR | E10: ANKIT TELECOM(660324751) | F10: =G10/1.04+H10 -> 5000 | G10: =SUM(I10:AM10) -> 0 | H10: 5000
A11: 9 | D11: KALER | E11: NAVEEN MOBILE CENTRE(660903120) | F11: =G11/1.04+H11 -> 0 | G11: =SUM(I11:AM11) -> 0 | H11: 0
A12: 10 | D12: KALER | E12: SANTOSH PUSTAK BHANDAR(661063900) | F12: =G12/1.04+H12 -> 2000 | G12: =SUM(I12:AM12) -> 0 | H12: 2000
A13: 11 | D13: KALER | E13: RAJA MOBILE CENTER(661032976) | F13: =G13/1.04+H13 -> 5000 | G13: =SUM(I13:AM13) -> 0 | H13: 5000
A14: 12 | D14: KALER | E14: KALLU JI DOWN LOADING CENTRE(661066808) | F14: =G14/1.04+H14 -> 8500 | G14: =SUM(I14:AM14) -> 2080 | H14: 6500 | I14: 2080
A15: 13 | B15: Praduman | D15: KALER | E15: NAVEEN RECHARGE CENTRE(661474491) | F15: =G15/1.04+H15 -> 2000 | G15: =SUM(I15:AM15) -> 0 | H15: 2000
A16: 14 | D16: KALER | E16: Rohit Mobile Care-(662161247) | F16: =G16/1.04+H16 -> 2000 | G16: =SUM(I16:AM16) -> 0 | H16: 2000
A17: 15 | B17: Vikash Amir Bigha | D17: KALER | E17: BHUMIKA ELECTRONICS(660320662) | F17: =G17/1.04+H17 -> 5000 | G17: =SUM(I17:AM17) -> 0 | H17: 5000
A18: 16 | B18: Amit Amir Bigha | C18: 683909556 | D18: KALER | E18: KRISHNA KIRANA STORE(661613674) | F18: =G18/1.04+H18 -> 2000 | G18: =SUM(I18:AM18) -> 0 | H18: 2000
A19: 17 | D19: KALER | E19: Glaxy Mobile and Digital Studi(660587311) | F19: =G19/1.04+H19 -> 0 | G19: =SUM(I19:AM19) -> 0 | H19: 0
A20: 18 | D20: MAHENDIA | E20: SINGH COMMUNICATION(660315658) | F20: =G20/1.04+H20 -> 0 | G20: =SUM(I20:AM20) -> 0 | H20: 0
A21: 19 | D21: MAHENDIA | E21: ASHU COMMUNICATION(661025161) | F21: =G21/1.04+H21 -> 2000 | G21: =SUM(I21:AM21) -> 0 | H21: 2000
A22: 20 | D22: MAHENDIA | E22: ANIL PAN DUKAN(661705269) | F22: =G22/1.04+H22 -> 1000 | G22: =SUM(I22:AM22) -> 0 | H22: 1000
A23: 21 | D23: MAHENDIA | E23: MAA VINDHWASHNI COMMUNICATION(660301564) | F23: =G23/1.04+H23 -> 6000 | G23: =SUM(I23:AM23) -> 2080 | H23: 4000 | I23: 2080
A24: 22 | D24: MAHENDIA | E24: MUKESH PAN BHANDAR(661613669) | F24: =G24/1.04+H24 -> 0 | G24: =SUM(I24:AM24) -> 0 | H24: 0
A25: 23 | D25: MAHENDIA | E25: Maa Bhindwashni Mobile Center(660587310) | F25: =G25/1.04+H25 -> 2000 | G25: =SUM(I25:AM25) -> 0 | H25: 2000
A26: 24 | D26: MAHENDIA | E26: MS RIYA ENTERPRISES(661562283) | F26: =G26/1.04+H26 -> 4000 | G26: =SUM(I26:AM26) -> 2080 | H26: 2000 | I26: 2080
A27: 25 | D27: MAHENDIA | E27: ANKIT MOBILE CENTRE(661025000) | F27: =G27/1.04+H27 -> 4000 | G27: =SUM(I27:AM27) -> 0 | H27: 4000
A28: 26 | D28: MAHENDIA | E28: Sahaj Vasudha Kendra(660624994) | F28: =G28/1.04+H28 -> 2000 | G28: =SUM(I28:AM28) -> 0 | H28: 2000
A29: 27 | D29: MAHENDIA | E29: rangoli singar general store(660604869) | F29: =G29/1.04+H29 -> 0 | G29: =SUM(I29:AM29) -> 0 | H29: 0
A30: 28 | D30: MAHENDIA | E30: SUBODH PAN(661562286) | F30: =G30/1.04+H30 -> 4000 | G30: =SUM(I30:AM30) -> 0 | H30: 4000
A31: 29 | D31: MAHENDIA | E31: GUPTA PAN DUKAN(661063901) | F31: =G31/1.04+H31 -> 0 | G31: =SUM(I31:AM31) -> 0 | H31: 0
A32: 30 | D32: MAHENDIA | E32: SUMAN PHONE GHAR(660315655) | F32: =G32/1.04+H32 -> 10000 | G32: =SUM(I32:AM32) -> 0 | H32: 10000
A33: 31 | D33: MAHENDIA | E33: BAJRANG MOBILE ELECTRIC & ELEC(661591707) | F33: =G33/1.04+H33 -> 4000 | G33: =SUM(I33:AM33) -> 0 | H33: 4000
A34: 32 | D34: WALIDAD | E34: ALL THE BEST COMMUNICATION(661096390) | F34: =G34/1.04+H34 -> 4000 | G34: =SUM(I34:AM34) -> 2080 | H34: 2000 | I34: 2080
A35: 33 | D35: WALIDAD | E35: NOKIA REPAIRING CENTER(660301577) | F35: =G35/1.04+H35 -> 3000 | G35: =SUM(I35:AM35) -> 0 | H35: 3000
A36: 34 | D36: WALIDAD | E36: PRINCE COMMUNICATION(660831270) | F36: =G36/1.04+H36 -> 0 | G36: =SUM(I36:AM36) -> 0 | H36: 0
A37: 35 | D37: WALIDAD | E37: Vicky Communication(660614434) | F37: =G37/1.04+H37 -> 0 | G37: =SUM(I37:AM37) -> 0 | H37: 0
A38: 36 | D38: WALIDAD | E38: Kaler Electronics(660628532) | F38: =G38/1.04+H38 -> 0 | G38: =SUM(I38:AM38) -> 0 | H38: 0
A39: 37 | D39: WALIDAD | E39: MS OM COMPUTER(661542289) | F39: =G39/1.04+H39 -> 0 | G39: =SUM(I39:AM39) -> 0 | H39: 0
A40: 38 | C40: 684087396 | D40: WALIDAD | E40: SANTU KIRANA STORE(661752211) | F40: =G40/1.04+H40 -> 2000 | G40: =SUM(I40:AM40) -> 0 | H40: 2000
A41: 39 | D41: WALIDAD | E41: ujjwal pustak bhandar(660849999) | F41: =G41/1.04+H41 -> 0 | G41: =SUM(I41:AM41) -> 0 | H41: 0
A42: 40 | D42: WALIDAD | E42: PAYAL COMMNICATION(661644712) | F42: =G42/1.04+H42 -> 2000 | G42: =SUM(I42:AM42) -> 0 | H42: 2000
A43: 41 | D43: WALIDAD | E43: PRAVEEN ELECTRONICS(660831267) | F43: =G43/1.04+H43 -> 4000 | G43: =SUM(I43:AM43) -> 0 | H43: 4000
A44: 42 | D44: WALIDAD | E44: SONU PHONEX(661752239) | F44: =G44/1.04+H44 -> 2000 | G44: =SUM(I44:AM44) -> 0 | H44: 2000
A45: 43 | D45: WALIDAD | E45: CHANDAN TELECOM(661644693) | F45: =G45/1.04+H45 -> 0 | G45: =SUM(I45:AM45) -> 0 | H45: 0
A46: 44 | D46: USRI | E46: MEDIA MOBILE GALLERY(660315675) | F46: =G46/1.04+H46 -> 7000 | G46: =SUM(I46:AM46) -> 0 | H46: 7000
A47: 45 | D47: USRI | E47: PAWAN PAY PHONE(660297502) | F47: =G47/1.04+H47 -> 2000 | G47: =SUM(I47:AM47) -> 0 | H47: 2000
A48: 46 | D48: USRI | E48: KUMAR INTERNET(660322625) | F48: =G48/1.04+H48 -> 2000 | G48: =SUM(I48:AM48) -> 0 | H48: 2000
A49: 47 | D49: USRI | E49: PRITI MOBILE CENTRE(660297509) | F49: =G49/1.04+H49 -> 10000 | G49: =SUM(I49:AM49) -> 0 | H49: 10000
A50: 48 | D50: USRI | E50: PATEL TELECOM(661644686) | F50: =G50/1.04+H50 -> 5000 | G50: =SUM(I50:AM50) -> 0 | H50: 5000
A51: 49 | D51: USRI | E51: KRISH RAJ MOBILE & ELECTRONIC(661032970) | F51: =G51/1.04+H51 -> 4000 | G51: =SUM(I51:AM51) -> 0 | H51: 4000
A52: 50 | D52: USRI | E52: UTKARSH ENTERPRISES(661673664) | F52: =G52/1.04+H52 -> 0 | G52: =SUM(I52:AM52) -> 0 | H52: 0
... A63: 61 | D63: BADRABAD | E63: SONU PHONE GHAR(660815245) | F63: =G63/1.04+H63 -> 1100 | G63: =SUM(I63:AM63) -> 0 | H63: 1100
A64: 62 | B64: Ganga communication | C64: 0681066927/0681961014 | D64: BADRABAD | E64: MAA VINDHYAVASINI MOBILE CENTE(660064218) | F64: =G64/1.04+H64 -> 0 | G64: =SUM(I64:AM64) -> 0 | H64: 0
A65: 63 | C65: 685671039 | D65: ITWA | E65: Ananya Communication-(662161233) | F65: =G65/1.04+H65 -> 0 | G65: =SUM(I65:AM65) -> 0 | H65: 0
A66: 64 | D66: ITWA | E66: chintu electronics(662114680) | F66: =G66/1.04+H66 -> 6000 | G66: =SUM(I66:AM66) -> 0 | H66: 6000
A67: 65 | D67: NIRANJANPUR | E67: RAJESH TELECOM(661613671) | F67: =G67/1.04+H67 -> 3000 | G67: =SUM(I67:AM67) -> 0 | H67: 3000
A68: 66 | D68: CHANDA | E68: MAA TELECOM(661361714) | F68: =G68/1.04+H68 -> 4000 | G68: =SUM(I68:AM68) -> 0 | H68: 4000
A69: 67 | D69: CHANDA | E69: RAJU TELECOM(661673669) | F69: =G69/1.04+H69 -> 0 | G69: =SUM(I69:AM69) -> 0 | H69: 0
A70: 68 | D70: CHANDA | E70: satyam mobile(661811583) | F70: =G70/1.04+H70 -> 0 | G70: =SUM(I70:AM70) -> 0 | H70: 0
A71: 69 | D71: CHANDA | E71: ARYANS PRINTER REPAIRING CENTE(662074228) | F71: =G71/1.04+H71 -> 0 | G71: =SUM(I71:AM71) -> 0 | H71: 0
A72: 70 | D72: CHANDA | E72: SHASHI PAY PHONE(661176231) | F72: =G72/1.04+H72 -> 0 | G72: =SUM(I72:AM72) -> 0 | H72: 0
A73: 71 | D73: CHANDA | E73: SANDEEP TELECOM(661066825) | F73: =G73/1.04+H73 -> 2000 | G73: =SUM(I73:AM73) -> 0 | H73: 2000
A74: 72 | D74: CHANDA | E74: SHRI SAI ELECTRONICS(661673670) | F74: =G74/1.04+H74 -> 6000 | G74: =SUM(I74:AM74) -> 0 | H74: 6000
A75: 73 | C75: 683909558 | D75: CHANDA | E75: RAJU PHONE GHAR(661613675) | F75: =G75/1.04+H75 -> 0 | G75: =SUM(I75:AM75) -> 0 | H75: 0
A76: 74 | D76: CHANDA | E76: RAJESH TELECOM & KIRANA DUKAN(661063895) | F76: =G76/1.04+H76 -> 1000 | G76: =SUM(I76:AM76) -> 0 | H76: 1000
A77: 75 | D77: BELSAR | E77: NISHA GENERAL STORE(661644683) | F77: =G77/1.04+H77 -> 8300 | G77: =SUM(I77:AM77) -> 0 | H77: 8300
A78: 76 | D78: BELSAR | E78: PRAKASH GENERAL SRINGAR STORE(661303685) | F78: =G78/1.04+H78 -> 5000 | G78: =SUM(I78:AM78) -> 0 | H78: 5000
A79: 77 | D79: BELSAR | E79: ANAND SRINGAR STORE(660831268) | F79: =G79/1.04+H79 -> 1000 | G79: =SUM(I79:AM79) -> 0 | H79: 1000
A80: 78 | E80: ROHIT SHOE STORE(661670729) | F80: =G80/1.04+H80 -> 67000 | G80: =SUM(I80:AM80) -> 0 | H80: 67000
A81: 79 | D81: Dhewai | E81: maa phone ghar(662077151) | F81: =G81/1.04+H81 -> 2000 | G81: =SUM(I81:AM81) -> 0 | H81: 2000
A82: 80 | E82: Payal Communication(660614430) | F82: =G82/1.04+H82 -> 0 | G82: =SUM(I82:AM82) -> 0 | H82: 0
A83: 81 | D83: KAMTA | E83: GRAMOTHAN SEVA KENDRA(661705272) | F83: =G83/1.04+H83 -> 2000 | G83: =SUM(I83:AM83) -> 0 | H83: 2000
A84: 82 | E84: Rounk Mobile and Electronics(660584652) | F84: =G84/1.04+H84 -> 0 | G84: =SUM(I84:AM84) -> 0 | H84: 0
A85: 83 | D85: Arwal | E85: RAJ PHONE HIRDYACHAK(661712682) | F85: =G85/1.04+H85 -> 5000 | G85: =SUM(I85:AM85) -> 0 | H85: 5000
A86: 84 | D86: Arwal | E86: Raj communication(660623659) | F86: =G86/1.04+H86 -> 5000 | G86: =SUM(I86:AM86) -> 0 | H86: 5000
A87: 85 | C87: 683879115 | D87: Arwal | E87: SANGAM ENTERPRISES(661591706) | F87: =G87/1.04+H87 -> 0 | G87: =SUM(I87:AM87) -> 0 | H87: 0
A88: 86 | D88: Rupsagar | E88: sugam phone bathe(661711006) | F88: =G88/1.04+H88 -> 0 | G88: =SUM(I88:AM88) -> 0 | H88: 0
A89: 87 | E89: JANTA SEVA KENDRA(661752229) | F89: =G89/1.04+H89 -> 0 | G89: =SUM(I89:AM89) -> 0 | H89: 0
A90: 88 | E90: MUSKAN COMMUNICATION(662077126) | F90: =G90/1.04+H90 -> 1000 | G90: =SUM(I90:AM90) -> 0 | H90: 1000
A91: 89 | E91: SURAJ KIRANA STORE(661735618) | F91: =G91/1.04+H91 -> 0 | G91: =SUM(I91:AM91) -> 0 | H91: 0
A92: 90 | E92: SANTOSH MOBILE CENTER(660321089) | F92: =G92/1.04+H92 -> 4000 | G92: =SUM(I92:AM92) -> 2080 | H92: 2000 | I92: 2080
A93: 91 | E93: JANTA MOBILE CENTRE(660322613) | F93: =G93/1.04+H93 -> 0 | G93: =SUM(I93:AM93) -> 0 | H93: 0
A94: 92 | D94: Gopalpur | E94: PRADEEP GENERAL STORE(661809210) | F94: =G94/1.04+H94 -> 3000 | G94: =SUM(I94:AM94) -> 0 | H94: 3000
A95: 93 | E95: 6201704055(662077143) | F95: =G95/1.04+H95 -> 0 | G95: =SUM(I95:AM95) -> 0 | H95: 0
A96: 94 | E96: Manish mobile center(662157439) | F96: =G96/1.04+H96 -> 0 | G96: =SUM(I96:AM96) -> 0 | H96: 0

Sheet Collection
A1: S.No. | B1: Alias Name | C1: S.No. | D1: Alias Name | E1: Contact | F1: Area | G1: Retailer Name | H1: Total | I1: 44348 | J1: 44349 | K1: 44350 | L1: 44351 | M1: 44352 | N1: 44353 | O1: 44354 | P1: 44355 | Q1: 44356 | R1: 44357 | S1: 44358 | T1: 44359 | U1: 44360 | V1: 44361 | W1: 44362 | X1: 44363 | Y1: 44364 | Z1: 44365 | AA1: 44366 | AB1: 44367 | AC1: 44368 | AD1: 44369 | AE1: 44370 | AF1: 44371 | AG1: 44372 | AH1: 44373 | AI1: 44374 | AJ1: 44375 | AK1: 44376 | AL1: 44377
F2: =SUM(H3:H121) -> 0 | G2: Total: | H2: =SUM(I2:AM2) -> 0 | I2: =SUM(I3:I121) -> 0 | J2: =SUM(J3:J121) -> 0 | K2: =SUM(K3:K121) -> 0 | L2: =SUM(L3:L121) -> 0 | M2: =SUM(M3:M121) -> 0 | N2: =SUM(N3:N121) -> 0 | O2: =SUM(O3:O121) -> 0 | P2: =SUM(P3:P121) -> 0 | ... AL2: =SUM(AL3:AL121) -> 0
A3: 1 | B3: Sanjeev Kr. Rahi | C3: 1 | D3: Sanjeev Kr. Rahi | E3: 9334066332 | F3: AGNOOR | G3: S K COMMUNICATION(661475194) | H3: =SUM(I3:AM3) -> 0
A4: 2 | B4: Abhimanyu | C4: 2 | D4: Abhimanyu | E4: 9123417146/7979995728 | F4: AGNOOR | G4: SAJNISH KIRANA(661644709) | H4: =SUM(I4:AM4) -> 0
A5: 3 | C5: 3 | E5: 8340365412 | F5: AGNOOR | G5: MAHI TELECOM ELECTRONICS(661644706) | H5: =SUM(I5:AM5) -> 0
A6: 4 | B6: Ganesh Lal Khatri | C6: 4 | D6: Ganesh Lal Khatri | E6: 9102317719 | F6: AGNOOR | G6: ARVIND AIRTEL EGRECHARGE CENTR(661591709) | H6: =SUM(I6:AM6) -> 0
A7: 5 | B7: Shakti | C7: 5 | D7: Shakti/Ashok | E7: 8210924561 | F7: AGNOOR | G7: pawan and ravi telicom(660604868) | H7: =SUM(I7:AM7) -> 0
A8: 6 | C8: 6 | D8: Shashi Satish | E8: 9110978139 | F8: AGNOOR | G8: PRABHAT TELECOM & ELECTRIC(661066820) | H8: =SUM(I8:AM8) -> 0
A9: 7 | C9: 7 | D9: NAVIN KUM | E9: 8340201321 | F9: AGNOOR | G9: SINGH TELECOM(661066803) | H9: =SUM(I9:AM9) -> 0
A10: 8 | C10: 8 | D10: SUCHENDRA | E10: 7004365158 | F10: AGNOOR | G10: ANKIT TELECOM(660324751) | H10: =SUM(I10:AM10) -> 0
A11: 9 | B11: Naveen | C11: 9 | D11: Naveen | E11: 9973022718 | F11: KALER | G11: NAVEEN MOBILE CENTRE(660903120) | H11: =SUM(I11:AM11) -> 0
A12: 10 | C12: 10 | E12: 7004923653 | F12: KALER | G12: SANTOSH PUSTAK BHANDAR(661063900) | H12: =SUM(I12:AM12) -> 0
A13: 11 | C13: 11 | D13: Reyazul | E13: 8340182577 | F13: KALER | G13: RAJA MOBILE CENTER(661032976) | H13: =SUM(I13:AM13) -> 0
A14: 12 | B14: MD Gulam | C14: 12 | D14: MD Gulam,Rina kri,SUAIB AK | E14: 7004740439 | F14: KALER | G14: KALLU JI DOWN LOADING CENTRE(661066808) | H14: =SUM(I14:AM14) -> 0
A15: 13 | B15: Praduman | C15: 13 | D15: Praduman | F15: KALER | G15: NAVEEN RECHARGE CENTRE(661474491) | H15: =SUM(I15:AM15) -> 0
A16: 14 | B16: Sushil Kr. | C16: 14 | D16: Sushil Kr. | E16: 7321004323 | F16: KALER | G16: Rohit Mobile Care-(662161247) | H16: =SUM(I16:AM16) -> 0
A17: 15 | C17: 15 | D17: Vikas Amir Bigha | E17: 7903378748 | F17: KALER | G17: BHUMIKA ELECTRONICS(660320662) | H17: =SUM(I17:AM17) -> 0
A18: 16 | C18: 16 | D18: Amit Amir Bigha | F18: KALER | G18: KRISHNA KIRANA STORE(661613674) | H18: =SUM(I18:AM18) -> 0
A19: 17 | B19: Ranveer/Rina | C19: 17 | D19: Ranveer/Rina | E19: 9608475282 | F19: KALER | G19: Glaxy Mobile and Digital Studi(660587311) | H19: =SUM(I19:AM19) -> 0
A20: 18 | B20: Sailesh | C20: 18 | D20: SHAILESH | E20: 9661555592 | F20: MAHENDIA | G20: SINGH COMMUNICATION(660315658) | H20: =SUM(I20:AM20) -> 0
A21: 19 | B21: Ajay 9939757903 | C21: 19 | D21: Ajay 9939757903 | E21: 8340523512 | F21: MAHENDIA | G21: ASHU COMMUNICATION(661025161) | H21: =SUM(I21:AM21) -> 0
A22: 20 | C22: 20 | D22: Sudhir Bandhan bank | E22: 8825310472 | F22: MAHENDIA | G22: ANIL PAN DUKAN(661705269) | H22: =SUM(I22:AM22) -> 0
A23: 21 | B23: Aarti 9523733118 | C23: 21 | D23: Aarti 9523733118 | E23: 7004478123 | F23: MAHENDIA | G23: MAA VINDHWASHNI COMMUNICATION(660301564) | H23: =SUM(I23:AM23) -> 0
A24: 22 | C24: 22 | E24: 7667895364 | F24: MAHENDIA | G24: MUKESH PAN BHANDAR(661613669) | H24: =SUM(I24:AM24) -> 0
A25: 23 | B25: Rajnish Kr 9708003669 | C25: 23 | D25: Rajnish Kr 9708003669 | E25: 7006041121 | F25: MAHENDIA | G25: Maa Bhindwashni Mobile Center(660587310) | H25: =SUM(I25:AM25) -> 0
A26: 24 | B26: Shantnu Kr. | C26: 24 | D26: Shantnu Kr. | E26: 8709658240 | F26: MAHENDIA | G26: MS RIYA ENTERPRISES(661562283) | H26: =SUM(I26:AM26) -> 0
A27: 25 | C27: 25 | E27: 8709612020 | F27: MAHENDIA | G27: ANKIT MOBILE CENTRE(661025000) | H27: =SUM(I27:AM27) -> 0
A28: 26 | C28: 26 | D28: Munna Kr.(PNB)/Manish | E28: 9973040600 | F28: MAHENDIA | G28: Sahaj Vasudha Kendra(660624994) | H28: =SUM(I28:AM28) -> 0
A29: 27 | C29: 27 | D29: YASHWANT | E29: 9973345687 | F29: MAHENDIA | G29: rangoli singar general store(660604869) | H29: =SUM(I29:AM29) -> 0
A30: 28 | C30: 28 | E30: 9631391206 | F30: MAHENDIA | G30: SUBODH PAN(661562286) | H30: =SUM(I30:AM30) -> 0
A31: 29 | B31: Nitish Kr. | C31: 29 | D31: Nitish Kr./SURESH SA/ | F31: MAHENDIA | G31: GUPTA PAN DUKAN(661063901) | H31: =SUM(I31:AM31) -> 0
A32: 30 | B32: Basant Kr. | C32: 30 | D32: Basant Kr./SHREE | F32: MAHENDIA | G32: SUMAN PHONE GHAR(660315655) | H32: =SUM(I32:AM32) -> 0
A33: 31 | C33: 31 | F33: MAHENDIA | G33: BAJRANG MOBILE ELECTRIC & ELEC(661591707) | H33: =SUM(I33:AM33) -> 0
A34: 32 | B34: Binay Lal | C34: 32 | D34: Binay Lal | F34: WALIDAD | G34: ALL THE BEST COMMUNICATION(661096390) | H34: =SUM(I34:AM34) -> 0
A35: 33 | C35: 33 | D35: ABINESH | F35: WALIDAD | G35: NOKIA REPAIRING CENTER(660301577) | H35: =SUM(I35:AM35) -> 0
A36: 34 | C36: 34 | D36: Arman Ala | E36: 7654800030 | F36: WALIDAD | G36: PRINCE COMMUNICATION(660831270) | H36: =SUM(I36:AM36) -> 0
A37: 35 | C37: 35 | D37: VIKESH/ VK | F37: WALIDAD | G37: Vicky Communication(660614434) | H37: =SUM(I37:AM37) -> 0
A38: 36 | C38: 36 | F38: WALIDAD | G38: Kaler Electronics(660628532) | H38: =SUM(I38:AM38) -> 0
A39: 37 | B39: Sonu/Rupa 9708329918 | C39: 37 | D39: Sonu/Rupa 9708329918 | F39: WALIDAD | G39: MS OM COMPUTER(661542289) | H39: =SUM(I39:AM39) -> 0
A40: 38 | B40: PK | C40: 38 | D40: PK | E40: 8709954402/6207783075 | F40: WALIDAD | G40: SANTU KIRANA STORE(661752211) | H40: =SUM(I40:AM40) -> 0
A41: 39 | C41: 39 | D41: SHIV PRAK | F41: WALIDAD | G41: ujjwal pustak bhandar(660849999) | H41: =SUM(I41:AM41) -> 0
A42: 40 | C42: 40 | D42: RAJESH(Bandhan Bank) | F42: WALIDAD | G42: PAYAL COMMNICATION(661644712) | H42: =SUM(I42:AM42) -> 0
A43: 41 | C43: 41 | D43: NAUSHAD | E43: 8210095108 | F43: WALIDAD | G43: PRAVEEN ELECTRONICS(660831267) | H43: =SUM(I43:AM43) -> 0
A44: 42 | C44: 42 | D44: HARENDRA | F44: WALIDAD | G44: SONU PHONEX(661752239) | H44: =SUM(I44:AM44) -> 0
A45: 43 | C45: 43 | D45: CHANDAN | F45: WALIDAD | G45: CHANDAN TELECOM(661644693) | H45: =SUM(I45:AM45) -> 0
A46: 44 | B46: Deepak 7004687745 | C46: 44 | D46: Deepak 7004687745 | F46: USRI | G46: MEDIA MOBILE GALLERY(660315675) | H46: =SUM(I46:AM46) -> 0
A47: 45 | C47: 45 | D47: PINTU | F47: USRI | G47: PAWAN PAY PHONE(660297502) | H47: =SUM(I47:AM47) -> 0
A48: 46 | B48: Ranjit Kr. | C48: 46 | D48: Ranjit Kr. | E48: 7004729703 | F48: USRI | G48: KUMAR INTERNET(660322625) | H48: =SUM(I48:AM48) -> 0
A49: 47 | B49: Sanjeev Kr. | C49: 47 | D49: Sanjeev Kr. | E49: 8863097933 | F49: USRI | G49: PRITI MOBILE CENTRE(660297509) | H49: =SUM(I49:AM49) -> 0
A50: 48 | B50: Vikash Kr. | C50: 48 | D50: Vikash Kr. | E50: 9835443096 | F50: USRI | G50: PATEL TELECOM(661644686) | H50: =SUM(I50:AM50) -> 0
A51: 49 | B51: Chandan | C51: 49 | D51: Chandan/MANJEET K | F51: USRI | G51: KRISH RAJ MOBILE & ELECTRONIC(661032970) | H51: =SUM(I51:AM51) -> 0
A52: 50 | C52: 50 | F52: USRI | G52: UTKARSH ENTERPRISES(661673664) | H52: =SUM(I52:AM52) -> 0
A53: 51 | B53: Akhilesh | C53: 51 | D53: Akhilesh | F53: USRI | G53: DIVYANKA MOBILE CENTER(660315660) | H53: =SUM(I53:AM53) -> 0
A54: 52 | C54: 52 | F54: USRI | G54: Anant Mobile Gallery-(662173660) | H54: =SUM(I54:AM54) -> 0
A55: 53 | B55: Krishna Kr | C55: 53 | D55: Krishna Kr | F55: USRI | G55: SHASHANK MOBILE(661969234) | H55: =SUM(I55:AM55) -> 0
A56: 54 | B56: Binod Kr. Vishwaka | C56: 54 | D56: Binod Kr. Vishwaka | F56: USRI | G56: SANGAM GENERAL STORE(661644708) | H56: =SUM(I56:AM56) -> 0
A57: 55 | C57: 55 | E57: 6202424016 | F57: USRI | G57: Neha Phonex(660614432) | H57: =SUM(I57:AM57) -> 0
A58: 56 | C58: 56 | D58: UMAKANT | E58: 7004211364 | F58: PARASI | G58: ANISH MOBILE CENTER(661474493) | H58: =SUM(I58:AM58) -> 0
A59: 57 | B59: Navin Kr. Ojha | C59: 57 | D59: Navin Kr. Ojha/SANTOSH SBI | F59: PARASI | G59: SINGH ENTERPRISES(660865703) | H59: =SUM(I59:AM59) -> 0
A60: 58 | C60: 58 | D60: UMESH PRA | F60: PARASI | G60: SHAHAZ VASHUDHA KENDRA(661377147) | H60: =SUM(I60:AM60) -> 0
A61: 59 | C61: 59 | D61: PANKAJ | E61: 9798805204 | F61: PARASI | G61: KALER ENTERPRISES(661674410) | H61: =SUM(I61:AM61) -> 0
A62: 60 | B62: Ranjit Kr. 9504958065 | C62: 60 | D62: Ranjit Kr. 9504958065 | E62: 9504958065 | F62: BADRABAD | G62: ANJALI MOBILE RAMPURCHAE(661735620) | H62: =SUM(I62:AM62) -> 0
A63: 61 | C63: 61 | E63: 9852299192 | F63: BADRABAD | G63: SONU PHONE GHAR(660815245) | H63: =SUM(I63:AM63) -> 0
A64: 62 | B64: Amresh Kr. | C64: 62 | D64: Amresh Kr./HONSI/GAUTAM | E64: 9931812966/9572985032 | F64: BADRABAD | G64: MAA VINDHYAVASINI MOBILE CENTE(660064218) | H64: =SUM(I64:AM64) -> 0
A65: 63 | B65: Munna Kr. | C65: 63 | D65: Munna Kr.(UCO) | E65: 7004399486 | F65: ITWA | G65: Ananya Communication-(662161233) | H65: =SUM(I65:AM65) -> 0
A66: 64 | B66: D.K. | C66: 64 | D66: DK | F66: ITWA | G66: chintu electronics(662114680) | H66: =SUM(I66:AM66) -> 0
A67: 65 | C67: 65 | D67: BALMIKI/ASHUTOSH | F67: NIRANJANPUR | G67: RAJESH TELECOM(661613671) | H67: =SUM(I67:AM67) -> 0
A68: 66 | C68: 66 | F68: CHANDA | G68: MAA TELECOM(661361714) | H68: =SUM(I68:AM68) -> 0
A69: 67 | C69: 67 | F69: CHANDA | G69: RAJU TELECOM(661673669) | H69: =SUM(I69:AM69) -> 0
A70: 68 | C70: 68 | E70: 7903311240 | F70: CHANDA | G70: satyam mobile(661811583) | H70: =SUM(I70:AM70) -> 0
A71: 69 | C71: 69 | F71: CHANDA | G71: ARYANS PRINTER REPAIRING CENTE(662074228) | H71: =SUM(I71:AM71) -> 0
A72: 70 | C72: 70 | D72: Mr Shashi | F72: CHANDA | G72: SHASHI PAY PHONE(661176231) | H72: =SUM(I72:AM72) -> 0
A73: 71 | C73: 71 | D73: Ramesh | F73: CHANDA | G73: SANDEEP TELECOM(661066825) | H73: =SUM(I73:AM73) -> 0
A74: 72 | B74: Rajiv Kr/ Rajeev Kamal | C74: 72 | D74: RAVINDRA /Rajiv Kr/ Rajeev Kamal | E74: 8825370430 | F74: CHANDA | G74: SHRI SAI ELECTRONICS(661673670) | H74: =SUM(I74:AM74) -> 0
A75: 73 | C75: 73 | E75: 9631378928 | F75: CHANDA | G75: RAJU PHONE GHAR(661613675) | H75: =SUM(I75:AM75) -> 0
A76: 74 | C76: 74 | F76: CHANDA | G76: RAJESH TELECOM & KIRANA DUKAN(661063895) | H76: =SUM(I76:AM76) -> 0
A77: 75 | B77: Brajesh Kr. | C77: 75 | D77: Brajesh Kr. | E77: 6200769032 | F77: BELSAR | G77: NISHA GENERAL STORE(661644683) | H77: =SUM(I77:AM77) -> 0
A78: 76 | B78: Chandan Kr | C78: 76 | D78: Chandan Kr UCO/KARAN KU | F78: BELSAR | G78: PRAKASH GENERAL SRINGAR STORE(661303685) | H78: =SUM(I78:AM78) -> 0
A79: 77 | B79: Sunil Kr./Gudiya | C79: 77 | D79: Sunil Kr./Gudiya/Ajit Kr | F79: BELSAR | G79: ANAND SRINGAR STORE(660831268) | H79: =SUM(I79:AM79) -> 0
A80: 78 | C80: 78 | G80: ROHIT SHOE STORE(661670729) | H80: =SUM(I80:AM80) -> 0
A81: 79 | B81: INDRJEET KUMAR | C81: 79 | D81: INDRJEET KUMAR | E81: 8789783884/7061621223 | F81: Dhewai | G81: maa phone ghar(662077151) | H81: =SUM(I81:AM81) -> 0
A82: 80 | C82: 80 | G82: Payal Communication(660614430) | H82: =SUM(I82:AM82) -> 0
A83: 81 | C83: 81 | F83: KAMTA | G83: GRAMOTHAN SEVA KENDRA(661705272) | H83: =SUM(I83:AM83) -> 0
A84: 82 | C84: 82 | G84: Rounk Mobile and Electronics(660584652) | H84: =SUM(I84:AM84) -> 0
A85: 83 | B85: Khatri sudhir sahani | C85: 83 | D85: Khatri sudhir sahani | F85: Arwal | G85: RAJ PHONE HIRDYACHAK(661712682) | H85: =SUM(I85:AM85) -> 0
A86: 84 | C86: 84 | E86: 9934079439 | F86: Arwal | G86: Raj communication(660623659) | H86: =SUM(I86:AM86) -> 0
A87: 85 | B87: Ajay Kr. | C87: 85 | D87: Ajay Kr. | E87: 7903552643 | F87: Arwal | G87: SANGAM ENTERPRISES(661591706) | H87: =SUM(I87:AM87) -> 0
A88: 86 | C88: 86 | D88: Dev Kr. | E88: 9911430509 | F88: Rupsagar | G88: sugam phone bathe(661711006) | H88: =SUM(I88:AM88) -> 0
A89: 87 | C89: 87 | G89: JANTA SEVA KENDRA(661752229) | H89: =SUM(I89:AM89) -> 0
A90: 88 | B90: MD Aslam | C90: 88 | D90: MD Aslam | G90: MUSKAN COMMUNICATION(662077126) | H90: =SUM(I90:AM90) -> 0
A91: 89 | C91: 89 | G91: SURAJ KIRANA STORE(661735618) | H91: =SUM(I91:AM91) -> 0
A92: 90 | C92: 90 | D92: Vikas Kr | E92: 9015378357 | F92: Tawakala | G92: SANTOSH MOBILE CENTER(660321089) | H92: =SUM(I92:AM92) -> 0
A93: 91 | C93: 91 | G93: JANTA MOBILE CENTRE(660322613) | H93: =SUM(I93:AM93) -> 0
A94: 92 | C94: 92 | D94: Brajesh Kr./Archana/RANJAN | F94: Gopalpur | G94: PRADEEP GENERAL STORE(661809210) | H94: =SUM(I94:AM94) -> 0
A95: 93 | C95: 93 | G95: 6201704055(662077143) | H95: =SUM(I95:AM95) -> 0
A96: 94 | C96: 94 | G96: Manish mobile center(662157439) | H96: =SUM(I96:AM96) -> 0

Sheet AmtToCollect
A1: Area | B1: Contact | C1: Retailer Name | D1: Dues Amount
C2: Total: | D2: =Orders!F2-Collection!H2 -> 279900 | E2: =SUM(D3:D96) -> 279900
A3: AGNOOR | B3: 9334066332 | C3: S K COMMUNICATION(661475194) | D3: =Orders!F3-Collection!H3 -> 0
A4: AGNOOR | B4: 9123417146 | C4: SAJNISH KIRANA(661644709) | D4: =Orders!F4-Collection!H4 -> 0
A5: AGNOOR | B5: 8340365412 | C5: MAHI TELECOM ELECTRONICS(661644706) | D5: =Orders!F5-Collection!H5 -> 0
A6: AGNOOR | B6: 9102317719 | C6: ARVIND AIRTEL EGRECHARGE CENTR(661591709) | D6: =Orders!F6-Collection!H6 -> 0
A7: AGNOOR | B7: 8210924561 | C7: pawan and ravi telicom(660604868) | D7: =Orders!F7-Collection!H7 -> 17000
A8: AGNOOR | B8: 9110978139 | C8: PRABHAT TELECOM & ELECTRIC(661066820) | D8: =Orders!F8-Collection!H8 -> 0
A9: AGNOOR | B9: 8340201321 | C9: SINGH TELECOM(661066803) | D9: =Orders!F9-Collection!H9 -> 0
A10: AGNOOR | B10: 7004365158 | C10: ANKIT TELECOM(660324751) | D10: =Orders!F10-Collection!H10 -> 5000
A11: KALER | B11: 9973022718 | C11: NAVEEN MOBILE CENTRE(660903120) | D11: =Orders!F11-Collection!H11 -> 0
A12: KALER | B12: 7004923653 | C12: SANTOSH PUSTAK BHANDAR(661063900) | D12: =Orders!F12-Collection!H12 -> 2000
A13: KALER | B13: 8340182577 | C13: RAJA MOBILE CENTER(661032976) | D13: =Orders!F13-Collection!H13 -> 5000
A14: KALER | B14: 7004740439 | C14: KALLU JI DOWN LOADING CENTRE(661066808) | D14: =Orders!F14-Collection!H14 -> 8500
... A79: BELSAR | B79: 8789354609 | C79: ANAND SRINGAR STORE(660831268) | D79: =Orders!F79-Collection!H79 -> 1000
C80: ROHIT SHOE STORE(661670729) | D80: =Orders!F80-Collection!H80 -> 67000
A81: Dhewai | B81: 8789783884 | C81: maa phone ghar(662077151) | D81: =Orders!F81-Collection!H81 -> 2000
C82: Payal Communication(660614430) | D82: =Orders!F82-Collection!H82 -> 0
A83: KAMTA | B83: 7079312729 | C83: GRAMOTHAN SEVA KENDRA(661705272) | D83: =Orders!F83-Collection!H83 -> 2000
C84: Rounk Mobile and Electronics(660584652) | D84: =Orders!F84-Collection!H84 -> 0
A85: Arwal | B85: 7979068575 | C85: RAJ PHONE HIRDYACHAK(661712682) | D85: =Orders!F85-Collection!H85 -> 5000
A86: Arwal | B86: 9934079439 | C86: Raj communication(660623659) | D86: =Orders!F86-Collection!H86 -> 5000
A87: Arwal | B87: 7903552643 | C87: SANGAM ENTERPRISES(661591706) | D87: =Orders!F87-Collection!H87 -> 0
A88: Rupsagar | B88: 9911430509 | C88: sugam phone bathe(661711006) | D88: =Orders!F88-Collection!H88 -> 0
C89: JANTA SEVA KENDRA(661752229) | D89: =Orders!F89-Collection!H89 -> 0
A90: KALER | B90: 9905739212 | C90: MUSKAN COMMUNICATION(662077126) | D90: =Orders!F90-Collection!H90 -> 1000
C91: SURAJ KIRANA STORE(661735618) | D91: =Orders!F91-Collection!H91 -> 0
B92: 9015378357 | C92: SANTOSH MOBILE CENTER(660321089) | D92: =Orders!F92-Collection!H92 -> 4000
C93: JANTA MOBILE CENTRE(660322613) | D93: =Orders!F93-Collection!H93 -> 0
B94: 7254967519 | C94: PRADEEP GENERAL STORE(661809210) | D94: =Orders!F94-Collection!H94 -> 3000
C95: 6201704055(662077143) | D95: =Orders!F95-Collection!H95 -> 0
C96: Manish mobile center(662157439) | D96: =Orders!F96-Collection!H96 -> 0
